Descriptor,mean_non_inhibitors,mean_inhibitors,median_non_inhibitors,median_inhibitors,T-Statistic Mean,p-value Mean,T-Statistic Median,p-value Median,Significance Mean,p-value < 0.05 Count,Super_Significance Mean,p-value < 0.01 Count,Significance Median
MaxAbsEStateIndex,9.555998051406386,12.143157162993482,11.533411399281935,12.464132689936223,-17.587945720977174,1.7128724085200004e-64,-17.587945720977174,1.7128724085200004e-64,"jaaaaaaaaaaaaa, goed verschilletje hiero",127,woooooooooooooooooooooooooooooooooooooooooooooooow,127,"jaaaaaaaaaaaaa, goed verschilletje hiero"
MaxEStateIndex,9.555998051406386,12.143157162993482,11.533411399281935,12.464132689936223,-17.587945720977174,1.7128724085200004e-64,-17.587945720977174,1.7128724085200004e-64,"jaaaaaaaaaaaaa, goed verschilletje hiero",127,woooooooooooooooooooooooooooooooooooooooooooooooow,127,"jaaaaaaaaaaaaa, goed verschilletje hiero"
MinAbsEStateIndex,0.3157340373827791,0.12482244253706246,0.22014220888972857,0.08195318405139851,15.98551876805666,3.2041189710958965e-54,15.98551876805666,3.2041189710958965e-54,"jaaaaaaaaaaaaa, goed verschilletje hiero",127,woooooooooooooooooooooooooooooooooooooooooooooooow,127,"jaaaaaaaaaaaaa, goed verschilletje hiero"
MinEStateIndex,-0.517136979235451,-1.1068264420001983,-0.18140520225792578,-0.5215350645793467,8.12954511432662,7.475562798216435e-16,8.12954511432662,7.475562798216435e-16,"jaaaaaaaaaaaaa, goed verschilletje hiero",127,woooooooooooooooooooooooooooooooooooooooooooooooow,127,"jaaaaaaaaaaaaa, goed verschilletje hiero"
qed,0.6703888149701986,0.6247374477794934,0.6946846764950516,0.6311732045109664,5.9956003238727895,2.3996360692536675e-09,5.9956003238727895,2.3996360692536675e-09,"jaaaaaaaaaaaaa, goed verschilletje hiero",127,woooooooooooooooooooooooooooooooooooooooooooooooow,127,"jaaaaaaaaaaaaa, goed verschilletje hiero"
MolWt,300.1419892857139,355.5963849999999,293.30350000000004,353.6585000000001,-15.138550146302686,4.282242443190429e-49,-15.138550146302686,4.282242443190429e-49,"jaaaaaaaaaaaaa, goed verschilletje hiero",127,woooooooooooooooooooooooooooooooooooooooooooooooow,127,"jaaaaaaaaaaaaa, goed verschilletje hiero"
HeavyAtomMolWt,285.12638928571397,335.73038500000007,279.448,333.9815000000001,-14.585408796287227,7.258160072867311e-46,-14.585408796287227,7.258160072867311e-46,"jaaaaaaaaaaaaa, goed verschilletje hiero",127,woooooooooooooooooooooooooooooooooooooooooooooooow,127,"jaaaaaaaaaaaaa, goed verschilletje hiero"
ExactMolWt,299.7362202980963,355.1758510157324,293.01562072800004,353.141222320045,-15.14961654170272,3.682137557835462e-49,-15.14961654170272,3.682137557835462e-49,"jaaaaaaaaaaaaa, goed verschilletje hiero",127,woooooooooooooooooooooooooooooooooooooooooooooooow,127,"jaaaaaaaaaaaaa, goed verschilletje hiero"
NumValenceElectrons,108.01142857142857,129.65,106.0,128.0,-15.594670832308415,7.907676656830524e-52,-15.594670832308415,7.907676656830524e-52,"jaaaaaaaaaaaaa, goed verschilletje hiero",127,woooooooooooooooooooooooooooooooooooooooooooooooow,127,"jaaaaaaaaaaaaa, goed verschilletje hiero"
NumRadicalElectrons,0.0,0.0,0.0,0.0,,,,,"nope, deze niet",127,nope,127,"nope, deze niet"
MaxPartialCharge,0.24311797086901452,0.27467467414909663,0.24268630014012016,0.2697114857559849,-7.655029435820696,2.9882783363216203e-14,-7.655029435820696,2.9882783363216203e-14,"jaaaaaaaaaaaaa, goed verschilletje hiero",127,woooooooooooooooooooooooooooooooooooooooooooooooow,127,"jaaaaaaaaaaaaa, goed verschilletje hiero"
MinPartialCharge,-0.4008522318592274,-0.44098182914981415,-0.38332310040016704,-0.46230045291351873,8.24833784337583,2.877181398638298e-16,8.24833784337583,2.877181398638298e-16,"jaaaaaaaaaaaaa, goed verschilletje hiero",127,woooooooooooooooooooooooooooooooooooooooooooooooow,127,"jaaaaaaaaaaaaa, goed verschilletje hiero"
MaxAbsPartialCharge,0.408205383143297,0.4428238570949579,0.40059408115257933,0.4623050705537949,-7.397066014454355,2.0385549882122477e-13,-7.397066014454355,2.0385549882122477e-13,"jaaaaaaaaaaaaa, goed verschilletje hiero",127,woooooooooooooooooooooooooooooooooooooooooooooooow,127,"jaaaaaaaaaaaaa, goed verschilletje hiero"
MinAbsPartialCharge,0.23576481958494488,0.272832646203953,0.24055697068515128,0.26896999970108504,-9.813424667713903,3.1062995892977454e-22,-9.813424667713903,3.1062995892977454e-22,"jaaaaaaaaaaaaa, goed verschilletje hiero",127,woooooooooooooooooooooooooooooooooooooooooooooooow,127,"jaaaaaaaaaaaaa, goed verschilletje hiero"
FpDensityMorgan1,1.1020133023010381,1.1817368649165207,1.105263157894737,1.173913043478261,-8.19869153827132,4.2947140026715415e-16,-8.19869153827132,4.2947140026715415e-16,"jaaaaaaaaaaaaa, goed verschilletje hiero",127,woooooooooooooooooooooooooooooooooooooooooooooooow,127,"jaaaaaaaaaaaaa, goed verschilletje hiero"
FpDensityMorgan2,1.8399392899318598,1.8794611048121848,1.8681159420289855,1.8846153846153846,-3.0175973420024915,0.0025800577916092254,-3.0175973420024915,0.0025800577916092254,"jaaaaaaaaaaaaa, goed verschilletje hiero",127,woooooooooooooooooooooooooooooooooooooooooooooooow,127,"jaaaaaaaaaaaaa, goed verschilletje hiero"
FpDensityMorgan3,2.523283891527653,2.521493041486879,2.5625,2.543560606060606,0.10886932742850466,0.9133170673362303,0.10886932742850466,0.9133170673362303,"nope, deze niet",127,nope,127,"nope, deze niet"
BCUT2D_MWHI,26.896309426786164,29.6186955310451,32.13347379214538,32.13357015582955,-4.362594758051908,1.3507690941093158e-05,-4.362594758051908,1.3507690941093158e-05,"jaaaaaaaaaaaaa, goed verschilletje hiero",127,woooooooooooooooooooooooooooooooooooooooooooooooow,127,"jaaaaaaaaaaaaa, goed verschilletje hiero"
BCUT2D_MWLOW,10.15265406430984,10.035028220784113,10.163458122848395,10.071980041543647,14.239793491841857,6.756546753017854e-44,14.239793491841857,6.756546753017854e-44,"jaaaaaaaaaaaaa, goed verschilletje hiero",127,woooooooooooooooooooooooooooooooooooooooooooooooow,127,"jaaaaaaaaaaaaa, goed verschilletje hiero"
BCUT2D_CHGHI,2.158104780694852,2.2770414319937524,2.123977725888393,2.2695831776969047,-17.273420934996604,2.0283921201341976e-62,-17.273420934996604,2.0283921201341976e-62,"jaaaaaaaaaaaaa, goed verschilletje hiero",127,woooooooooooooooooooooooooooooooooooooooooooooooow,127,"jaaaaaaaaaaaaa, goed verschilletje hiero"
BCUT2D_CHGLO,-2.107766072216436,-2.2081360232506717,-2.0790109035192694,-2.2068831545201277,16.129195759723167,4.11974418991024e-55,16.129195759723167,4.11974418991024e-55,"jaaaaaaaaaaaaa, goed verschilletje hiero",127,woooooooooooooooooooooooooooooooooooooooooooooooow,127,"jaaaaaaaaaaaaa, goed verschilletje hiero"
BCUT2D_LOGPHI,2.2414672172600034,2.2993622932844255,2.237167547336961,2.2938554469866252,-11.425784892092064,2.4768003295161639e-29,-11.425784892092064,2.4768003295161639e-29,"jaaaaaaaaaaaaa, goed verschilletje hiero",127,woooooooooooooooooooooooooooooooooooooooooooooooow,127,"jaaaaaaaaaaaaa, goed verschilletje hiero"
BCUT2D_LOGPLOW,-2.2177152665546975,-2.3945437088967214,-2.1291902753538063,-2.349242526393441,11.442291671482947,2.0719416414102025e-29,11.442291671482947,2.0719416414102025e-29,"jaaaaaaaaaaaaa, goed verschilletje hiero",127,woooooooooooooooooooooooooooooooooooooooooooooooow,127,"jaaaaaaaaaaaaa, goed verschilletje hiero"
BCUT2D_MRHI,6.662582101552702,7.092860123759879,6.303933188107755,7.163175238956759,-8.46790977991838,4.7660304371750714e-17,-8.46790977991838,4.7660304371750714e-17,"jaaaaaaaaaaaaa, goed verschilletje hiero",127,woooooooooooooooooooooooooooooooooooooooooooooooow,127,"jaaaaaaaaaaaaa, goed verschilletje hiero"
BCUT2D_MRLOW,0.17792107902733534,-0.16478582828723976,0.09548016259532116,-0.13151599899312508,13.556673450932804,4.060495777764523e-40,13.556673450932804,4.060495777764523e-40,"jaaaaaaaaaaaaa, goed verschilletje hiero",127,woooooooooooooooooooooooooooooooooooooooooooooooow,127,"jaaaaaaaaaaaaa, goed verschilletje hiero"
AvgIpc,2.766876934110227,2.8604642845762274,2.772509823161049,2.8366486918587848,-5.792639295170775,8.030506020418832e-09,-5.792639295170775,8.030506020418832e-09,"jaaaaaaaaaaaaa, goed verschilletje hiero",127,woooooooooooooooooooooooooooooooooooooooooooooooow,127,"jaaaaaaaaaaaaa, goed verschilletje hiero"
BalabanJ,1.964995153381283,1.903316146503427,1.8904201513959158,1.8348766028161085,3.196549045962992,0.0014125503354939634,3.196549045962992,0.0014125503354939634,"jaaaaaaaaaaaaa, goed verschilletje hiero",127,woooooooooooooooooooooooooooooooooooooooooooooooow,127,"jaaaaaaaaaaaaa, goed verschilletje hiero"
BertzCT,701.9362192823481,803.0523247600192,680.3974310646324,784.6853577299735,-8.199254974292055,4.2752866731927415e-16,-8.199254974292055,4.2752866731927415e-16,"jaaaaaaaaaaaaa, goed verschilletje hiero",127,woooooooooooooooooooooooooooooooooooooooooooooooow,127,"jaaaaaaaaaaaaa, goed verschilletje hiero"
Chi0,14.83116481126404,17.70155352772548,14.493353063746348,17.78920527175712,-15.405073885022418,1.1016063280699553e-50,-15.405073885022418,1.1016063280699553e-50,"jaaaaaaaaaaaaa, goed verschilletje hiero",127,woooooooooooooooooooooooooooooooooooooooooooooooow,127,"jaaaaaaaaaaaaa, goed verschilletje hiero"
Chi0n,11.496916072677132,13.917578295871227,11.192502169590487,13.834350533085827,-15.705091946045611,1.6857819652308374e-52,-15.705091946045611,1.6857819652308374e-52,"jaaaaaaaaaaaaa, goed verschilletje hiero",127,woooooooooooooooooooooooooooooooooooooooooooooooow,127,"jaaaaaaaaaaaaa, goed verschilletje hiero"
Chi0v,12.143784481255224,14.653769844068044,11.8202365482081,14.603964659239551,-16.353423911518814,1.6311072620330743e-56,-16.353423911518814,1.6311072620330743e-56,"jaaaaaaaaaaaaa, goed verschilletje hiero",127,woooooooooooooooooooooooooooooooooooooooooooooooow,127,"jaaaaaaaaaaaaa, goed verschilletje hiero"
Chi1,10.150452538444938,11.829817344818338,9.915816237971965,11.746876081965699,-13.273215445738927,1.354776877438597e-38,-13.273215445738927,1.354776877438597e-38,"jaaaaaaaaaaaaa, goed verschilletje hiero",127,woooooooooooooooooooooooooooooooooooooooooooooooow,127,"jaaaaaaaaaaaaa, goed verschilletje hiero"
Chi1n,6.624729193012031,8.044961519016868,6.423668117279698,7.958600336156028,-15.169308836996079,2.814006136741903e-49,-15.169308836996079,2.814006136741903e-49,"jaaaaaaaaaaaaa, goed verschilletje hiero",127,woooooooooooooooooooooooooooooooooooooooooooooooow,127,"jaaaaaaaaaaaaa, goed verschilletje hiero"
Chi1v,7.217339418808186,8.793919840156121,6.957172014686218,8.6695647443908,-15.871590633390822,1.6134491781384345e-53,-15.871590633390822,1.6134491781384345e-53,"jaaaaaaaaaaaaa, goed verschilletje hiero",127,woooooooooooooooooooooooooooooooooooooooooooooooow,127,"jaaaaaaaaaaaaa, goed verschilletje hiero"
Chi2n,4.763222694029117,6.034364996122545,4.577941753554704,5.966120755252881,-16.425995502769272,5.694542848824501e-57,-16.425995502769272,5.694542848824501e-57,"jaaaaaaaaaaaaa, goed verschilletje hiero",127,woooooooooooooooooooooooooooooooooooooooooooooooow,127,"jaaaaaaaaaaaaa, goed verschilletje hiero"
Chi2v,5.429853831717968,6.900687371268234,5.148938573498237,6.8152550239493035,-16.951447268331528,2.5187404124934483e-60,-16.951447268331528,2.5187404124934483e-60,"jaaaaaaaaaaaaa, goed verschilletje hiero",127,woooooooooooooooooooooooooooooooooooooooooooooooow,127,"jaaaaaaaaaaaaa, goed verschilletje hiero"
Chi3n,3.2374275849068863,4.217525752815631,3.059348050541367,4.1179387995247065,-16.144274896748552,3.3191184625416296e-55,-16.144274896748552,3.3191184625416296e-55,"jaaaaaaaaaaaaa, goed verschilletje hiero",127,woooooooooooooooooooooooooooooooooooooooooooooooow,127,"jaaaaaaaaaaaaa, goed verschilletje hiero"
Chi3v,3.8003162271357653,4.990379864922887,3.5257900488537084,4.860402920904038,-16.82429311284412,1.6600347868373202e-59,-16.82429311284412,1.6600347868373202e-59,"jaaaaaaaaaaaaa, goed verschilletje hiero",127,woooooooooooooooooooooooooooooooooooooooooooooooow,127,"jaaaaaaaaaaaaa, goed verschilletje hiero"
Chi4n,2.1808729003151317,2.930686302485569,1.9962036642398249,2.799893137763954,-15.527032364743969,2.0295919742799072e-51,-15.527032364743969,2.0295919742799072e-51,"jaaaaaaaaaaaaa, goed verschilletje hiero",127,woooooooooooooooooooooooooooooooooooooooooooooooow,127,"jaaaaaaaaaaaaa, goed verschilletje hiero"
Chi4v,2.6298462760181103,3.571440462073278,2.413008333311338,3.4678182537803095,-16.53745281499014,1.1235162300266129e-57,-16.53745281499014,1.1235162300266129e-57,"jaaaaaaaaaaaaa, goed verschilletje hiero",127,woooooooooooooooooooooooooooooooooooooooooooooooow,127,"jaaaaaaaaaaaaa, goed verschilletje hiero"
HallKierAlpha,-2.2269714285714266,-2.3907666666666714,-2.26,-2.369999999999999,4.069372139104872,4.897400699643882e-05,4.069372139104872,4.897400699643882e-05,"jaaaaaaaaaaaaa, goed verschilletje hiero",127,woooooooooooooooooooooooooooooooooooooooooooooooow,127,"jaaaaaaaaaaaaa, goed verschilletje hiero"
Ipc,6717558.0386468265,9639329.61476112,72710.95914253028,418148.13900832995,-0.9089947769549065,0.36346251501241367,-0.9089947769549065,0.36346251501241367,"nope, deze niet",127,nope,127,"nope, deze niet"
Kappa1,14.073629133653835,17.25410256523657,13.514985773746435,17.263118416768215,-16.35847686677959,1.516040515941052e-56,-16.35847686677959,1.516040515941052e-56,"jaaaaaaaaaaaaa, goed verschilletje hiero",127,woooooooooooooooooooooooooooooooooooooooooooooooow,127,"jaaaaaaaaaaaaa, goed verschilletje hiero"
Kappa2,6.106684932187993,7.278299306190361,5.835952733163515,7.333980035315541,-12.087071503885543,1.635354873284597e-32,-12.087071503885543,1.635354873284597e-32,"jaaaaaaaaaaaaa, goed verschilletje hiero",127,woooooooooooooooooooooooooooooooooooooooooooooooow,127,"jaaaaaaaaaaaaa, goed verschilletje hiero"
Kappa3,3.3163396397394918,3.8252524982646334,3.043891499604909,3.7458958037259023,-5.748821235928736,1.037121047002823e-08,-5.748821235928736,1.037121047002823e-08,"jaaaaaaaaaaaaa, goed verschilletje hiero",127,woooooooooooooooooooooooooooooooooooooooooooooooow,127,"jaaaaaaaaaaaaa, goed verschilletje hiero"
LabuteASA,125.08259293982346,147.1826447508717,122.42115578918053,147.31946538174782,-14.773040829323165,5.9723011494034e-47,-14.773040829323165,5.9723011494034e-47,"jaaaaaaaaaaaaa, goed verschilletje hiero",127,woooooooooooooooooooooooooooooooooooooooooooooooow,127,"jaaaaaaaaaaaaa, goed verschilletje hiero"
PEOE_VSA1,8.979265051160851,11.41438388458291,9.401129458000556,10.05365155780638,-7.8192515583545825,8.530825494080052e-15,-7.8192515583545825,8.530825494080052e-15,"jaaaaaaaaaaaaa, goed verschilletje hiero",127,woooooooooooooooooooooooooooooooooooooooooooooooow,127,"jaaaaaaaaaaaaa, goed verschilletje hiero"
PEOE_VSA10,7.957951475403911,7.284845859845263,5.817862777835028,5.749511833283905,1.9200604925384306,0.05499248629638542,1.9200604925384306,0.05499248629638542,"nope, deze niet",127,nope,127,"nope, deze niet"
PEOE_VSA11,3.9166489875755284,4.492601392008451,0.0,0.0,-2.2374288712114705,0.025368180304214786,-2.2374288712114705,0.025368180304214786,"jaaaaaaaaaaaaa, goed verschilletje hiero",127,nope,127,"jaaaaaaaaaaaaa, goed verschilletje hiero"
PEOE_VSA12,3.6021463462628183,4.579781626655347,0.0,0.0,-3.8137846554162884,0.00014100710613802712,-3.8137846554162884,0.00014100710613802712,"jaaaaaaaaaaaaa, goed verschilletje hiero",127,woooooooooooooooooooooooooooooooooooooooooooooooow,127,"jaaaaaaaaaaaaa, goed verschilletje hiero"
PEOE_VSA13,2.295595925731511,3.787648615432533,0.0,0.0,-7.6253424115404504,3.738654810464489e-14,-7.6253424115404504,3.738654810464489e-14,"jaaaaaaaaaaaaa, goed verschilletje hiero",127,woooooooooooooooooooooooooooooooooooooooooooooooow,127,"jaaaaaaaaaaaaa, goed verschilletje hiero"
PEOE_VSA14,1.739166972065094,2.487463363599032,0.0,0.0,-4.257083033601035,2.167044248432125e-05,-4.257083033601035,2.167044248432125e-05,"jaaaaaaaaaaaaa, goed verschilletje hiero",127,woooooooooooooooooooooooooooooooooooooooooooooooow,127,"jaaaaaaaaaaaaa, goed verschilletje hiero"
PEOE_VSA2,4.789602719879223,8.490206395643119,4.794537184071822,9.278434311098396,-13.262221981667516,1.5502823997069656e-38,-13.262221981667516,1.5502823997069656e-38,"jaaaaaaaaaaaaa, goed verschilletje hiero",127,woooooooooooooooooooooooooooooooooooooooooooooooow,127,"jaaaaaaaaaaaaa, goed verschilletje hiero"
PEOE_VSA3,5.2672648175069705,4.933261260417893,4.794537184071822,4.794537184071822,1.3333205709981595,0.1825786186713685,1.3333205709981595,0.1825786186713685,"nope, deze niet",127,nope,127,"nope, deze niet"
PEOE_VSA4,3.1721787115445053,2.311466843893895,0.0,0.0,3.638192274292863,0.00028152323942354923,3.638192274292863,0.00028152323942354923,"jaaaaaaaaaaaaa, goed verschilletje hiero",127,woooooooooooooooooooooooooooooooooooooooooooooooow,127,"jaaaaaaaaaaaaa, goed verschilletje hiero"
PEOE_VSA5,3.5313794200588116,2.711523813114782,0.0,0.0,2.954089648317093,0.0031725742665672284,2.954089648317093,0.0031725742665672284,"jaaaaaaaaaaaaa, goed verschilletje hiero",127,woooooooooooooooooooooooooooooooooooooooooooooooow,127,"jaaaaaaaaaaaaa, goed verschilletje hiero"
PEOE_VSA6,26.099157408893152,23.38852194890981,24.26546827384644,23.32677373809807,3.3672535131667916,0.0007736038355909304,3.3672535131667916,0.0007736038355909304,"jaaaaaaaaaaaaa, goed verschilletje hiero",127,woooooooooooooooooooooooooooooooooooooooooooooooow,127,"jaaaaaaaaaaaaa, goed verschilletje hiero"
PEOE_VSA7,26.799037195810097,37.93690831223344,24.26546827384644,37.164644029562425,-15.631387063569763,4.734329283890091e-52,-15.631387063569763,4.734329283890091e-52,"jaaaaaaaaaaaaa, goed verschilletje hiero",127,woooooooooooooooooooooooooooooooooooooooooooooooow,127,"jaaaaaaaaaaaaa, goed verschilletje hiero"
PEOE_VSA8,14.81972371855979,18.414492736983167,12.263210640074686,17.32708620372985,-6.844731483726584,1.0157098587766253e-11,-6.844731483726584,1.0157098587766253e-11,"jaaaaaaaaaaaaa, goed verschilletje hiero",127,woooooooooooooooooooooooooooooooooooooooooooooooow,127,"jaaaaaaaaaaaaa, goed verschilletje hiero"
PEOE_VSA9,11.847028252087242,14.862255694430493,10.902924932081056,12.673249032974528,-6.16352837409924,8.582471104047982e-10,-6.16352837409924,8.582471104047982e-10,"jaaaaaaaaaaaaa, goed verschilletje hiero",127,woooooooooooooooooooooooooooooooooooooooooooooooow,127,"jaaaaaaaaaaaaa, goed verschilletje hiero"
SMR_VSA1,9.631110696338842,15.622306610124543,9.198320176435907,14.52380487050754,-15.357547628327039,2.1236299617252777e-50,-15.357547628327039,2.1236299617252777e-50,"jaaaaaaaaaaaaa, goed verschilletje hiero",127,woooooooooooooooooooooooooooooooooooooooooooooooow,127,"jaaaaaaaaaaaaa, goed verschilletje hiero"
SMR_VSA10,20.18255693703449,26.472913770860085,17.92035044809919,23.76574620554289,-10.914615572544617,5.574852528383954e-27,-10.914615572544617,5.574852528383954e-27,"jaaaaaaaaaaaaa, goed verschilletje hiero",127,woooooooooooooooooooooooooooooooooooooooooooooooow,127,"jaaaaaaaaaaaaa, goed verschilletje hiero"
SMR_VSA2,0.48547740204827333,0.2104756621895394,0.0,0.0,3.6040315798471982,0.00032098846962483086,3.6040315798471982,0.00032098846962483086,"jaaaaaaaaaaaaa, goed verschilletje hiero",127,woooooooooooooooooooooooooooooooooooooooooooooooow,127,"jaaaaaaaaaaaaa, goed verschilletje hiero"
SMR_VSA3,10.732627199183687,7.309656382143368,9.967957041894417,5.316788604006331,9.987430167111643,5.914713937033159e-23,9.987430167111643,5.914713937033159e-23,"jaaaaaaaaaaaaa, goed verschilletje hiero",127,woooooooooooooooooooooooooooooooooooooooooooooooow,127,"jaaaaaaaaaaaaa, goed verschilletje hiero"
SMR_VSA4,1.1654030743638726,3.8983778811264105,0.0,0.0,-12.511723759414998,1.233816723901595e-34,-12.511723759414998,1.233816723901595e-34,"jaaaaaaaaaaaaa, goed verschilletje hiero",127,woooooooooooooooooooooooooooooooooooooooooooooooow,127,"jaaaaaaaaaaaaa, goed verschilletje hiero"
SMR_VSA5,14.73231534492204,25.873624988696502,10.975609512593476,24.660863921060418,-14.476498407617699,3.057384782282159e-45,-14.476498407617699,3.057384782282159e-45,"jaaaaaaaaaaaaa, goed verschilletje hiero",127,woooooooooooooooooooooooooooooooooooooooooooooooow,127,"jaaaaaaaaaaaaa, goed verschilletje hiero"
SMR_VSA6,10.27002553970045,15.08646607821584,5.733667477162185,12.394610218783217,-8.225021496808326,3.473676186535215e-16,-8.225021496808326,3.473676186535215e-16,"jaaaaaaaaaaaaa, goed verschilletje hiero",127,woooooooooooooooooooooooooooooooooooooooooooooooow,127,"jaaaaaaaaaaaaa, goed verschilletje hiero"
SMR_VSA7,51.2307753815008,48.24591411235506,53.45101963024847,46.97565977760924,2.9128585300585086,0.003621125116868982,2.9128585300585086,0.003621125116868982,"jaaaaaaaaaaaaa, goed verschilletje hiero",127,woooooooooooooooooooooooooooooooooooooooooooooooow,127,"jaaaaaaaaaaaaa, goed verschilletje hiero"
SMR_VSA8,0.0,0.0,0.0,0.0,,,,,"nope, deze niet",127,nope,127,"nope, deze niet"
SMR_VSA9,6.385855427447221,4.3756262620388675,5.749511833283905,0.0,5.967129799470425,2.8492485921653533e-09,5.967129799470425,2.8492485921653533e-09,"jaaaaaaaaaaaaa, goed verschilletje hiero",127,woooooooooooooooooooooooooooooooooooooooooooooooow,127,"jaaaaaaaaaaaaa, goed verschilletje hiero"
SlogP_VSA1,7.016511508512796,9.011284258767068,5.316788604006331,9.636772684650527,-7.1452907888079,1.2531846481993223e-12,-7.1452907888079,1.2531846481993223e-12,"jaaaaaaaaaaaaa, goed verschilletje hiero",127,woooooooooooooooooooooooooooooooooooooooooooooooow,127,"jaaaaaaaaaaaaa, goed verschilletje hiero"
SlogP_VSA10,5.373318290554482,4.794147841085333,5.131558479839333,5.687386274683562,1.999596842622967,0.04567899781882716,1.999596842622967,0.04567899781882716,"jaaaaaaaaaaaaa, goed verschilletje hiero",127,nope,127,"jaaaaaaaaaaaaa, goed verschilletje hiero"
SlogP_VSA11,2.2019292187121553,2.8402332043827254,0.0,0.0,-3.02096672326057,0.002551650940946984,-3.02096672326057,0.002551650940946984,"jaaaaaaaaaaaaa, goed verschilletje hiero",127,woooooooooooooooooooooooooooooooooooooooooooooooow,127,"jaaaaaaaaaaaaa, goed verschilletje hiero"
SlogP_VSA12,8.303602942366593,7.891807877318164,0.0,9.239339306017024,0.854416783688604,0.39297653171364844,0.854416783688604,0.39297653171364844,"nope, deze niet",127,nope,127,"nope, deze niet"
SlogP_VSA2,22.869403270051983,31.85309932741276,19.69135550153918,30.630936583989023,-12.223170540238915,3.4686875088508226e-33,-12.223170540238915,3.4686875088508226e-33,"jaaaaaaaaaaaaa, goed verschilletje hiero",127,woooooooooooooooooooooooooooooooooooooooooooooooow,127,"jaaaaaaaaaaaaa, goed verschilletje hiero"
SlogP_VSA3,7.8016899281839756,10.72377795652294,6.4208216229260096,9.589074368143644,-8.299287326185171,1.9030224487268095e-16,-8.299287326185171,1.9030224487268095e-16,"jaaaaaaaaaaaaa, goed verschilletje hiero",127,woooooooooooooooooooooooooooooooooooooooooooooooow,127,"jaaaaaaaaaaaaa, goed verschilletje hiero"
SlogP_VSA4,4.400774858469524,7.832421311023868,0.0,5.917906046161393,-9.714764109597551,7.864285882091655e-22,-9.714764109597551,7.864285882091655e-22,"jaaaaaaaaaaaaa, goed verschilletje hiero",127,woooooooooooooooooooooooooooooooooooooooooooooooow,127,"jaaaaaaaaaaaaa, goed verschilletje hiero"
SlogP_VSA5,14.628599578210254,28.34194401451,11.126902983393991,26.27942884323463,-18.64227309175119,1.2254733838004074e-71,-18.64227309175119,1.2254733838004074e-71,"jaaaaaaaaaaaaa, goed verschilletje hiero",127,woooooooooooooooooooooooooooooooooooooooooooooooow,127,"jaaaaaaaaaaaaa, goed verschilletje hiero"
SlogP_VSA6,43.461509613083386,39.225483044903754,42.98647549183713,36.417508487514205,4.522054367169664,6.483260351181986e-06,4.522054367169664,6.483260351181986e-06,"jaaaaaaaaaaaaa, goed verschilletje hiero",127,woooooooooooooooooooooooooooooooooooooooooooooooow,127,"jaaaaaaaaaaaaa, goed verschilletje hiero"
SlogP_VSA7,1.488330127050587,0.6368526022563251,0.0,0.0,6.433819627946474,1.553103924340387e-10,6.433819627946474,1.553103924340387e-10,"jaaaaaaaaaaaaa, goed verschilletje hiero",127,woooooooooooooooooooooooooooooooooooooooooooooooow,127,"jaaaaaaaaaaaaa, goed verschilletje hiero"
SlogP_VSA8,7.270477667343869,3.9443103095672933,5.687386274683562,0.0,8.882612830621904,1.4222256868307418e-18,8.882612830621904,1.4222256868307418e-18,"jaaaaaaaaaaaaa, goed verschilletje hiero",127,woooooooooooooooooooooooooooooooooooooooooooooooow,127,"jaaaaaaaaaaaaa, goed verschilletje hiero"
SlogP_VSA9,0.0,0.0,0.0,0.0,,,,,"nope, deze niet",127,nope,127,"nope, deze niet"
TPSA,61.43043571428565,76.36328333333321,58.300000000000004,75.27000000000001,-11.408729992621915,2.977672781872165e-29,-11.408729992621915,2.977672781872165e-29,"jaaaaaaaaaaaaa, goed verschilletje hiero",127,woooooooooooooooooooooooooooooooooooooooooooooooow,127,"jaaaaaaaaaaaaa, goed verschilletje hiero"
EState_VSA1,4.595772003912057,8.65310999876852,0.0,5.969305287951849,-9.279871278225416,4.2709785472755484e-20,-9.279871278225416,4.2709785472755484e-20,"jaaaaaaaaaaaaa, goed verschilletje hiero",127,woooooooooooooooooooooooooooooooooooooooooooooooow,127,"jaaaaaaaaaaaaa, goed verschilletje hiero"
EState_VSA10,6.227497352810395,11.85460291761106,4.794537184071822,13.212334168400758,-16.9469797600862,2.691745011141168e-60,-16.9469797600862,2.691745011141168e-60,"jaaaaaaaaaaaaa, goed verschilletje hiero",127,woooooooooooooooooooooooooooooooooooooooooooooooow,127,"jaaaaaaaaaaaaa, goed verschilletje hiero"
EState_VSA11,0.0,0.0,0.0,0.0,,,,,"nope, deze niet",127,nope,127,"nope, deze niet"
EState_VSA2,8.539041239913505,15.962394380384522,5.907179729351506,12.934673416645474,-15.86965233993929,1.658311351609151e-53,-15.86965233993929,1.658311351609151e-53,"jaaaaaaaaaaaaa, goed verschilletje hiero",127,woooooooooooooooooooooooooooooooooooooooooooooooow,127,"jaaaaaaaaaaaaa, goed verschilletje hiero"
EState_VSA3,13.750132139199875,18.206337466135448,11.715128420025835,16.690354475090988,-8.09243521791543,1.0047685482985815e-15,-8.09243521791543,1.0047685482985815e-15,"jaaaaaaaaaaaaa, goed verschilletje hiero",127,woooooooooooooooooooooooooooooooooooooooooooooooow,127,"jaaaaaaaaaaaaa, goed verschilletje hiero"
EState_VSA4,16.43195649936088,20.063460260414466,15.242580612754605,17.53363462141788,-5.6541473627097245,1.7914690496161552e-08,-5.6541473627097245,1.7914690496161552e-08,"jaaaaaaaaaaaaa, goed verschilletje hiero",127,woooooooooooooooooooooooooooooooooooooooooooooooow,127,"jaaaaaaaaaaaaa, goed verschilletje hiero"
EState_VSA5,11.058591881807516,14.08457298370355,7.109797541277533,11.823646930541102,-5.371218927800493,8.731932795107301e-08,-5.371218927800493,8.731932795107301e-08,"jaaaaaaaaaaaaa, goed verschilletje hiero",127,woooooooooooooooooooooooooooooooooooooooooooooooow,127,"jaaaaaaaaaaaaa, goed verschilletje hiero"
EState_VSA6,14.735491735679911,17.217046260478686,12.13273413692322,13.847474399381248,-3.841589370414741,0.00012605339033868742,-3.841589370414741,0.00012605339033868742,"jaaaaaaaaaaaaa, goed verschilletje hiero",127,woooooooooooooooooooooooooooooooooooooooooooooooow,127,"jaaaaaaaaaaaaa, goed verschilletje hiero"
EState_VSA7,22.949125230956167,19.430719678517406,21.587795952773448,15.273654092047911,3.8652918814848447,0.00011449989052201396,3.8652918814848447,0.00011449989052201396,"jaaaaaaaaaaaaa, goed verschilletje hiero",127,woooooooooooooooooooooooooooooooooooooooooooooooow,127,"jaaaaaaaaaaaaa, goed verschilletje hiero"
EState_VSA8,17.896954790467028,14.13773830808459,15.256677831976177,10.633577208012662,5.855065783774563,5.560944445952915e-09,5.855065783774563,5.560944445952915e-09,"jaaaaaaaaaaaaa, goed verschilletje hiero",127,woooooooooooooooooooooooooooooooooooooooooooooooow,127,"jaaaaaaaaaaaaa, goed verschilletje hiero"
EState_VSA9,8.631584128432223,7.48537949365197,5.733667477162185,4.736862953800049,2.8186774983849583,0.004869696564246187,2.8186774983849583,0.004869696564246187,"jaaaaaaaaaaaaa, goed verschilletje hiero",127,woooooooooooooooooooooooooooooooooooooooooooooooow,127,"jaaaaaaaaaaaaa, goed verschilletje hiero"
VSA_EState1,10.745840989353841,11.418524515126471,5.582597198601663,5.592677744708995,-0.995852997775752,0.31944216359344724,-0.995852997775752,0.31944216359344724,"nope, deze niet",127,nope,127,"nope, deze niet"
VSA_EState10,2.632576164698357,2.118586209601043,0.12150649302931038,0.872152087662107,2.8126621958304407,0.004961350616831098,2.8126621958304407,0.004961350616831098,"jaaaaaaaaaaaaa, goed verschilletje hiero",127,woooooooooooooooooooooooooooooooooooooooooooooooow,127,"jaaaaaaaaaaaaa, goed verschilletje hiero"
VSA_EState2,12.338914732033565,21.97907485515363,9.324043839758126,22.151426207744596,-17.422983747891855,2.1115441757508942e-63,-17.422983747891855,2.1115441757508942e-63,"jaaaaaaaaaaaaa, goed verschilletje hiero",127,woooooooooooooooooooooooooooooooooooooooooooooooow,127,"jaaaaaaaaaaaaa, goed verschilletje hiero"
VSA_EState3,6.81450333150397,7.973552451715325,5.009050086083816,5.365959130276844,-3.5588573941371466,0.00038116517659770915,-3.5588573941371466,0.00038116517659770915,"jaaaaaaaaaaaaa, goed verschilletje hiero",127,woooooooooooooooooooooooooooooooooooooooooooooooow,127,"jaaaaaaaaaaaaa, goed verschilletje hiero"
VSA_EState4,2.634351261982905,2.218943646708165,1.933360711905293,1.7324739392020558,3.3551086778289596,0.0008081787144077644,3.3551086778289596,0.0008081787144077644,"jaaaaaaaaaaaaa, goed verschilletje hiero",127,woooooooooooooooooooooooooooooooooooooooooooooooow,127,"jaaaaaaaaaaaaa, goed verschilletje hiero"
VSA_EState5,0.4560611463614425,-0.02292321441099378,0.4201934066147635,-0.01750608590081526,6.779451234103151,1.5827757448146803e-11,6.779451234103151,1.5827757448146803e-11,"jaaaaaaaaaaaaa, goed verschilletje hiero",127,woooooooooooooooooooooooooooooooooooooooooooooooow,127,"jaaaaaaaaaaaaa, goed verschilletje hiero"
VSA_EState6,10.749118150719127,8.98015347487778,10.280790175166077,8.233695496987268,6.310138208183563,3.4240433685926007e-10,6.310138208183563,3.4240433685926007e-10,"jaaaaaaaaaaaaa, goed verschilletje hiero",127,woooooooooooooooooooooooooooooooooooooooooooooooow,127,"jaaaaaaaaaaaaa, goed verschilletje hiero"
VSA_EState7,1.776398302538007,2.53862772653929,1.500185237045148,1.939315690922192,-5.765316511543347,9.421098719398243e-09,-5.765316511543347,9.421098719398243e-09,"jaaaaaaaaaaaaa, goed verschilletje hiero",127,woooooooooooooooooooooooooooooooooooooooooooooooow,127,"jaaaaaaaaaaaaa, goed verschilletje hiero"
VSA_EState8,1.678232515185456,3.1394165357621175,0.5887448428445452,2.6522364606113493,-11.726223510633789,9.289986211707204e-31,-11.726223510633789,9.289986211707204e-31,"jaaaaaaaaaaaaa, goed verschilletje hiero",127,woooooooooooooooooooooooooooooooooooooooooooooooow,127,"jaaaaaaaaaaaaa, goed verschilletje hiero"
VSA_EState9,0.12697933154925672,-0.07431175662837451,0.0,0.0,2.5937028787610794,0.009564204577225502,2.5937028787610794,0.009564204577225502,"jaaaaaaaaaaaaa, goed verschilletje hiero",127,woooooooooooooooooooooooooooooooooooooooooooooooow,127,"jaaaaaaaaaaaaa, goed verschilletje hiero"
FractionCSP3,0.21298175410353093,0.33996510177017714,0.15,0.3333333333333333,-13.196840895293949,3.449471086200675e-38,-13.196840895293949,3.449471086200675e-38,"jaaaaaaaaaaaaa, goed verschilletje hiero",127,woooooooooooooooooooooooooooooooooooooooooooooooow,127,"jaaaaaaaaaaaaa, goed verschilletje hiero"
HeavyAtomCount,20.97142857142857,24.663333333333334,21.0,25.0,-14.070303367563955,6.044585648826522e-43,-14.070303367563955,6.044585648826522e-43,"jaaaaaaaaaaaaa, goed verschilletje hiero",127,woooooooooooooooooooooooooooooooooooooooooooooooow,127,"jaaaaaaaaaaaaa, goed verschilletje hiero"
NHOHCount,1.2842857142857143,1.1683333333333332,1.0,1.0,2.0461362456418164,0.040873618434755725,2.0461362456418164,0.040873618434755725,"jaaaaaaaaaaaaa, goed verschilletje hiero",127,nope,127,"jaaaaaaaaaaaaa, goed verschilletje hiero"
NOCount,4.691428571428571,5.82,4.0,6.0,-11.547625969159576,6.598916385383447e-30,-11.547625969159576,6.598916385383447e-30,"jaaaaaaaaaaaaa, goed verschilletje hiero",127,woooooooooooooooooooooooooooooooooooooooooooooooow,127,"jaaaaaaaaaaaaa, goed verschilletje hiero"
NumAliphaticCarbocycles,0.08857142857142856,0.4,0.0,0.0,-11.917825803817799,1.1018397712011631e-31,-11.917825803817799,1.1018397712011631e-31,"jaaaaaaaaaaaaa, goed verschilletje hiero",127,woooooooooooooooooooooooooooooooooooooooooooooooow,127,"jaaaaaaaaaaaaa, goed verschilletje hiero"
NumAliphaticHeterocycles,0.3,0.665,0.0,1.0,-11.898543615749677,1.367344296357511e-31,-11.898543615749677,1.367344296357511e-31,"jaaaaaaaaaaaaa, goed verschilletje hiero",127,woooooooooooooooooooooooooooooooooooooooooooooooow,127,"jaaaaaaaaaaaaa, goed verschilletje hiero"
NumAliphaticRings,0.38857142857142857,1.065,0.0,1.0,-16.996849110132114,1.2813428463978472e-60,-16.996849110132114,1.2813428463978472e-60,"jaaaaaaaaaaaaa, goed verschilletje hiero",127,woooooooooooooooooooooooooooooooooooooooooooooooow,127,"jaaaaaaaaaaaaa, goed verschilletje hiero"
NumAromaticCarbocycles,1.2457142857142858,1.2166666666666666,1.0,1.0,0.816025000722125,0.4145831098524846,0.816025000722125,0.4145831098524846,"nope, deze niet",127,nope,127,"nope, deze niet"
NumAromaticHeterocycles,1.15,0.6716666666666666,1.0,1.0,11.741019143576294,7.888139976401034e-31,11.741019143576294,7.888139976401034e-31,"jaaaaaaaaaaaaa, goed verschilletje hiero",127,woooooooooooooooooooooooooooooooooooooooooooooooow,127,"jaaaaaaaaaaaaa, goed verschilletje hiero"
NumAromaticRings,2.395714285714286,1.8883333333333334,2.0,2.0,10.930051081958684,4.7486596956466055e-27,10.930051081958684,4.7486596956466055e-27,"jaaaaaaaaaaaaa, goed verschilletje hiero",127,woooooooooooooooooooooooooooooooooooooooooooooooow,127,"jaaaaaaaaaaaaa, goed verschilletje hiero"
NumHAcceptors,4.235,4.87,4.0,5.0,-7.072040171060124,2.102726899644511e-12,-7.072040171060124,2.102726899644511e-12,"jaaaaaaaaaaaaa, goed verschilletje hiero",127,woooooooooooooooooooooooooooooooooooooooooooooooow,127,"jaaaaaaaaaaaaa, goed verschilletje hiero"
NumHDonors,1.0092857142857143,1.0983333333333334,1.0,1.0,-2.0612850688617037,0.039404971221703146,-2.0612850688617037,0.039404971221703146,"jaaaaaaaaaaaaa, goed verschilletje hiero",127,nope,127,"jaaaaaaaaaaaaa, goed verschilletje hiero"
NumHeteroatoms,5.852857142857143,6.758333333333334,6.0,7.0,-8.67915237297919,8.118460184144121e-18,-8.67915237297919,8.118460184144121e-18,"jaaaaaaaaaaaaa, goed verschilletje hiero",127,woooooooooooooooooooooooooooooooooooooooooooooooow,127,"jaaaaaaaaaaaaa, goed verschilletje hiero"
NumRotatableBonds,3.907142857142857,4.618333333333333,4.0,4.0,-6.830407982933714,1.119914180659038e-11,-6.830407982933714,1.119914180659038e-11,"jaaaaaaaaaaaaa, goed verschilletje hiero",127,woooooooooooooooooooooooooooooooooooooooooooooooow,127,"jaaaaaaaaaaaaa, goed verschilletje hiero"
NumSaturatedCarbocycles,0.06357142857142857,0.25166666666666665,0.0,0.0,-8.485397739038126,4.122594597044568e-17,-8.485397739038126,4.122594597044568e-17,"jaaaaaaaaaaaaa, goed verschilletje hiero",127,woooooooooooooooooooooooooooooooooooooooooooooooow,127,"jaaaaaaaaaaaaa, goed verschilletje hiero"
NumSaturatedHeterocycles,0.17714285714285713,0.44666666666666666,0.0,0.0,-10.972081154049045,3.065135595936086e-27,-10.972081154049045,3.065135595936086e-27,"jaaaaaaaaaaaaa, goed verschilletje hiero",127,woooooooooooooooooooooooooooooooooooooooooooooooow,127,"jaaaaaaaaaaaaa, goed verschilletje hiero"
NumSaturatedRings,0.24071428571428571,0.6983333333333334,0.0,1.0,-13.863964439511387,8.461131230446324e-42,-13.863964439511387,8.461131230446324e-42,"jaaaaaaaaaaaaa, goed verschilletje hiero",127,woooooooooooooooooooooooooooooooooooooooooooooooow,127,"jaaaaaaaaaaaaa, goed verschilletje hiero"
RingCount,2.7842857142857143,2.953333333333333,3.0,3.0,-3.5345326705508398,0.0004177879278659555,-3.5345326705508398,0.0004177879278659555,"jaaaaaaaaaaaaa, goed verschilletje hiero",127,woooooooooooooooooooooooooooooooooooooooooooooooow,127,"jaaaaaaaaaaaaa, goed verschilletje hiero"
MolLogP,2.732402178571433,2.6309410166666667,2.8842000000000003,2.7620000000000013,1.5297974480521208,0.12622517185760168,1.5297974480521208,0.12622517185760168,"nope, deze niet",127,nope,127,"nope, deze niet"
MolMR,80.45016771428568,94.56621216666667,79.09865000000002,94.34850000000002,-14.363373546941517,1.349175775510258e-44,-14.363373546941517,1.349175775510258e-44,"jaaaaaaaaaaaaa, goed verschilletje hiero",127,woooooooooooooooooooooooooooooooooooooooooooooooow,127,"jaaaaaaaaaaaaa, goed verschilletje hiero"
fr_Al_COO,0.015714285714285715,0.07,0.0,0.0,-5.99907685206008,2.3497170402724155e-09,-5.99907685206008,2.3497170402724155e-09,"jaaaaaaaaaaaaa, goed verschilletje hiero",127,woooooooooooooooooooooooooooooooooooooooooooooooow,127,"jaaaaaaaaaaaaa, goed verschilletje hiero"
fr_Al_OH,0.03214285714285714,0.04666666666666667,0.0,0.0,-1.2671257866554324,0.20525798982788082,-1.2671257866554324,0.20525798982788082,"nope, deze niet",127,nope,127,"nope, deze niet"
fr_Al_OH_noTert,0.025714285714285714,0.03166666666666667,0.0,0.0,-0.611651918998976,0.5408376679503362,-0.611651918998976,0.5408376679503362,"nope, deze niet",127,nope,127,"nope, deze niet"
fr_ArN,0.14785714285714285,0.041666666666666664,0.0,0.0,6.147980841286572,9.449932622515026e-10,6.147980841286572,9.449932622515026e-10,"jaaaaaaaaaaaaa, goed verschilletje hiero",127,woooooooooooooooooooooooooooooooooooooooooooooooow,127,"jaaaaaaaaaaaaa, goed verschilletje hiero"
fr_Ar_COO,0.008571428571428572,0.041666666666666664,0.0,0.0,-4.927464909698345,9.016178243603651e-07,-4.927464909698345,9.016178243603651e-07,"jaaaaaaaaaaaaa, goed verschilletje hiero",127,woooooooooooooooooooooooooooooooooooooooooooooooow,127,"jaaaaaaaaaaaaa, goed verschilletje hiero"
fr_Ar_N,1.865,0.7583333333333333,2.0,0.0,15.643839567028278,3.977459838010159e-52,15.643839567028278,3.977459838010159e-52,"jaaaaaaaaaaaaa, goed verschilletje hiero",127,woooooooooooooooooooooooooooooooooooooooooooooooow,127,"jaaaaaaaaaaaaa, goed verschilletje hiero"
fr_Ar_NH,0.15142857142857144,0.043333333333333335,0.0,0.0,6.381567007407098,2.1726921326040359e-10,6.381567007407098,2.1726921326040359e-10,"jaaaaaaaaaaaaa, goed verschilletje hiero",127,woooooooooooooooooooooooooooooooooooooooooooooooow,127,"jaaaaaaaaaaaaa, goed verschilletje hiero"
fr_Ar_OH,0.03571428571428571,0.08166666666666667,0.0,0.0,-3.888151876323232,0.00010430979219039353,-3.888151876323232,0.00010430979219039353,"jaaaaaaaaaaaaa, goed verschilletje hiero",127,woooooooooooooooooooooooooooooooooooooooooooooooow,127,"jaaaaaaaaaaaaa, goed verschilletje hiero"
fr_COO,0.024285714285714285,0.11166666666666666,0.0,0.0,-7.823140476748424,8.278868419267012e-15,-7.823140476748424,8.278868419267012e-15,"jaaaaaaaaaaaaa, goed verschilletje hiero",127,woooooooooooooooooooooooooooooooooooooooooooooooow,127,"jaaaaaaaaaaaaa, goed verschilletje hiero"
fr_COO2,0.024285714285714285,0.11166666666666666,0.0,0.0,-7.823140476748424,8.278868419267012e-15,-7.823140476748424,8.278868419267012e-15,"jaaaaaaaaaaaaa, goed verschilletje hiero",127,woooooooooooooooooooooooooooooooooooooooooooooooow,127,"jaaaaaaaaaaaaa, goed verschilletje hiero"
fr_C_O,0.5485714285714286,1.4083333333333334,0.0,1.0,-20.324292339732008,1.2579942806713248e-83,-20.324292339732008,1.2579942806713248e-83,"jaaaaaaaaaaaaa, goed verschilletje hiero",127,woooooooooooooooooooooooooooooooooooooooooooooooow,127,"jaaaaaaaaaaaaa, goed verschilletje hiero"
fr_C_O_noCOO,0.5485714285714286,1.4083333333333334,0.0,1.0,-20.324292339732008,1.2579942806713248e-83,-20.324292339732008,1.2579942806713248e-83,"jaaaaaaaaaaaaa, goed verschilletje hiero",127,woooooooooooooooooooooooooooooooooooooooooooooooow,127,"jaaaaaaaaaaaaa, goed verschilletje hiero"
fr_C_S,0.013571428571428571,0.07,0.0,0.0,-6.684409837682752,2.998292511725534e-11,-6.684409837682752,2.998292511725534e-11,"jaaaaaaaaaaaaa, goed verschilletje hiero",127,woooooooooooooooooooooooooooooooooooooooooooooooow,127,"jaaaaaaaaaaaaa, goed verschilletje hiero"
fr_HOCCN,0.0,0.0,0.0,0.0,,,,,"nope, deze niet",127,nope,127,"nope, deze niet"
fr_Imine,0.013571428571428571,0.03166666666666667,0.0,0.0,-2.6495592545869076,0.00812321251625051,-2.6495592545869076,0.00812321251625051,"jaaaaaaaaaaaaa, goed verschilletje hiero",127,woooooooooooooooooooooooooooooooooooooooooooooooow,127,"jaaaaaaaaaaaaa, goed verschilletje hiero"
fr_NH0,2.0957142857142856,1.59,2.0,1.0,7.372618327939699,2.4378038967482794e-13,7.372618327939699,2.4378038967482794e-13,"jaaaaaaaaaaaaa, goed verschilletje hiero",127,woooooooooooooooooooooooooooooooooooooooooooooooow,127,"jaaaaaaaaaaaaa, goed verschilletje hiero"
fr_NH1,0.7464285714285714,0.8766666666666667,1.0,1.0,-3.3800769725912785,0.0007385920648752255,-3.3800769725912785,0.0007385920648752255,"jaaaaaaaaaaaaa, goed verschilletje hiero",127,woooooooooooooooooooooooooooooooooooooooooooooooow,127,"jaaaaaaaaaaaaa, goed verschilletje hiero"
fr_NH2,0.18785714285714286,0.06333333333333334,0.0,0.0,6.445743039034537,1.4380654862679486e-10,6.445743039034537,1.4380654862679486e-10,"jaaaaaaaaaaaaa, goed verschilletje hiero",127,woooooooooooooooooooooooooooooooooooooooooooooooow,127,"jaaaaaaaaaaaaa, goed verschilletje hiero"
fr_N_O,0.005714285714285714,0.006666666666666667,0.0,0.0,-0.18631050770540417,0.8522201814463882,-0.18631050770540417,0.8522201814463882,"nope, deze niet",127,nope,127,"nope, deze niet"
fr_Ndealkylation1,0.020714285714285713,0.028333333333333332,0.0,0.0,-0.9594512816256283,0.33744753890488277,-0.9594512816256283,0.33744753890488277,"nope, deze niet",127,nope,127,"nope, deze niet"
fr_Ndealkylation2,0.035,0.09333333333333334,0.0,0.0,-5.140555456692548,3.0065061453033346e-07,-5.140555456692548,3.0065061453033346e-07,"jaaaaaaaaaaaaa, goed verschilletje hiero",127,woooooooooooooooooooooooooooooooooooooooooooooooow,127,"jaaaaaaaaaaaaa, goed verschilletje hiero"
fr_Nhpyrrole,0.15142857142857144,0.043333333333333335,0.0,0.0,6.381567007407098,2.1726921326040359e-10,6.381567007407098,2.1726921326040359e-10,"jaaaaaaaaaaaaa, goed verschilletje hiero",127,woooooooooooooooooooooooooooooooooooooooooooooooow,127,"jaaaaaaaaaaaaa, goed verschilletje hiero"
fr_SH,0.0,0.021666666666666667,0.0,0.0,-5.565438493219182,2.9672980756914188e-08,-5.565438493219182,2.9672980756914188e-08,"jaaaaaaaaaaaaa, goed verschilletje hiero",127,woooooooooooooooooooooooooooooooooooooooooooooooow,127,"jaaaaaaaaaaaaa, goed verschilletje hiero"
fr_aldehyde,0.0014285714285714286,0.013333333333333334,0.0,0.0,-3.467643961845595,0.0005361560785927901,-3.467643961845595,0.0005361560785927901,"jaaaaaaaaaaaaa, goed verschilletje hiero",127,woooooooooooooooooooooooooooooooooooooooooooooooow,127,"jaaaaaaaaaaaaa, goed verschilletje hiero"
fr_alkyl_carbamate,0.0064285714285714285,0.006666666666666667,0.0,0.0,-0.056474778358394234,0.9549692342025722,-0.056474778358394234,0.9549692342025722,"nope, deze niet",127,nope,127,"nope, deze niet"
fr_alkyl_halide,0.2507142857142857,0.075,0.0,0.0,4.566248472993957,5.267719246167583e-06,4.566248472993957,5.267719246167583e-06,"jaaaaaaaaaaaaa, goed verschilletje hiero",127,woooooooooooooooooooooooooooooooooooooooooooooooow,127,"jaaaaaaaaaaaaa, goed verschilletje hiero"
fr_allylic_oxid,0.04,0.255,0.0,0.0,-9.850750670461204,2.1811017001973323e-22,-9.850750670461204,2.1811017001973323e-22,"jaaaaaaaaaaaaa, goed verschilletje hiero",127,woooooooooooooooooooooooooooooooooooooooooooooooow,127,"jaaaaaaaaaaaaa, goed verschilletje hiero"
fr_amide,0.43214285714285716,0.9016666666666666,0.0,1.0,-12.065619426129011,2.0853388076031535e-32,-12.065619426129011,2.0853388076031535e-32,"jaaaaaaaaaaaaa, goed verschilletje hiero",127,woooooooooooooooooooooooooooooooooooooooooooooooow,127,"jaaaaaaaaaaaaa, goed verschilletje hiero"
fr_amidine,0.016428571428571428,0.043333333333333335,0.0,0.0,-3.4345275227752694,0.000605707924378321,-3.4345275227752694,0.000605707924378321,"jaaaaaaaaaaaaa, goed verschilletje hiero",127,woooooooooooooooooooooooooooooooooooooooooooooooow,127,"jaaaaaaaaaaaaa, goed verschilletje hiero"
fr_aniline,0.5757142857142857,0.5866666666666667,0.0,0.0,-0.29906419867085,0.7649221651140805,-0.29906419867085,0.7649221651140805,"nope, deze niet",127,nope,127,"nope, deze niet"
fr_aryl_methyl,0.29285714285714287,0.48833333333333334,0.0,0.0,-6.03003254941466,1.9476380770417054e-09,-6.03003254941466,1.9476380770417054e-09,"jaaaaaaaaaaaaa, goed verschilletje hiero",127,woooooooooooooooooooooooooooooooooooooooooooooooow,127,"jaaaaaaaaaaaaa, goed verschilletje hiero"
fr_azide,0.0,0.0,0.0,0.0,,,,,"nope, deze niet",127,nope,127,"nope, deze niet"
fr_azo,0.0,0.0033333333333333335,0.0,0.0,-2.162774138287248,0.030676842571632845,-2.162774138287248,0.030676842571632845,"jaaaaaaaaaaaaa, goed verschilletje hiero",127,nope,127,"jaaaaaaaaaaaaa, goed verschilletje hiero"
fr_barbitur,0.002142857142857143,0.005,0.0,0.0,-1.0704234917138649,0.2845580200217736,-1.0704234917138649,0.2845580200217736,"nope, deze niet",127,nope,127,"nope, deze niet"
fr_benzene,1.2457142857142858,1.2083333333333333,1.0,1.0,1.0515531048764568,0.2931317943633687,1.0515531048764568,0.2931317943633687,"nope, deze niet",127,nope,127,"nope, deze niet"
fr_benzodiazepine,0.0,0.0,0.0,0.0,,,,,"nope, deze niet",127,nope,127,"nope, deze niet"
fr_bicyclic,0.5471428571428572,0.565,0.0,0.0,-0.4007290084718395,0.6886624970264492,-0.4007290084718395,0.6886624970264492,"nope, deze niet",127,nope,127,"nope, deze niet"
fr_diazo,0.0,0.0,0.0,0.0,,,,,"nope, deze niet",127,nope,127,"nope, deze niet"
fr_dihydropyridine,0.0,0.0016666666666666668,0.0,0.0,-1.5280351716533498,0.1266620924047765,-1.5280351716533498,0.1266620924047765,"nope, deze niet",127,nope,127,"nope, deze niet"
fr_epoxide,0.0,0.008333333333333333,0.0,0.0,-2.8939333612578566,0.0038457313947494994,-2.8939333612578566,0.0038457313947494994,"jaaaaaaaaaaaaa, goed verschilletje hiero",127,woooooooooooooooooooooooooooooooooooooooooooooooow,127,"jaaaaaaaaaaaaa, goed verschilletje hiero"
fr_ester,0.07428571428571429,0.21333333333333335,0.0,0.0,-8.072620023936558,1.1760336731298934e-15,-8.072620023936558,1.1760336731298934e-15,"jaaaaaaaaaaaaa, goed verschilletje hiero",127,woooooooooooooooooooooooooooooooooooooooooooooooow,127,"jaaaaaaaaaaaaa, goed verschilletje hiero"
fr_ether,0.4735714285714286,0.72,0.0,0.0,-6.1668578975932995,8.407071647055807e-10,-6.1668578975932995,8.407071647055807e-10,"jaaaaaaaaaaaaa, goed verschilletje hiero",127,woooooooooooooooooooooooooooooooooooooooooooooooow,127,"jaaaaaaaaaaaaa, goed verschilletje hiero"
fr_furan,0.05928571428571429,0.10833333333333334,0.0,0.0,-3.5740455082511615,0.0003598448573024026,-3.5740455082511615,0.0003598448573024026,"jaaaaaaaaaaaaa, goed verschilletje hiero",127,woooooooooooooooooooooooooooooooooooooooooooooooow,127,"jaaaaaaaaaaaaa, goed verschilletje hiero"
fr_guanido,0.004285714285714286,0.0016666666666666668,0.0,0.0,0.9085897077105192,0.36367632090598856,0.9085897077105192,0.36367632090598856,"nope, deze niet",127,nope,127,"nope, deze niet"
fr_halogen,0.7085714285714285,0.31,0.0,0.0,8.049432492380777,1.4132313836409743e-15,8.049432492380777,1.4132313836409743e-15,"jaaaaaaaaaaaaa, goed verschilletje hiero",127,woooooooooooooooooooooooooooooooooooooooooooooooow,127,"jaaaaaaaaaaaaa, goed verschilletje hiero"
fr_hdrzine,0.024285714285714285,0.03,0.0,0.0,-0.7356343404555452,0.4620396035994363,-0.7356343404555452,0.4620396035994363,"nope, deze niet",127,nope,127,"nope, deze niet"
fr_hdrzone,0.023571428571428573,0.11166666666666666,0.0,0.0,-8.335108224115562,1.4211087228198924e-16,-8.335108224115562,1.4211087228198924e-16,"jaaaaaaaaaaaaa, goed verschilletje hiero",127,woooooooooooooooooooooooooooooooooooooooooooooooow,127,"jaaaaaaaaaaaaa, goed verschilletje hiero"
fr_imidazole,0.11285714285714285,0.02666666666666667,0.0,0.0,6.132894649710196,1.0373176817658795e-09,6.132894649710196,1.0373176817658795e-09,"jaaaaaaaaaaaaa, goed verschilletje hiero",127,woooooooooooooooooooooooooooooooooooooooooooooooow,127,"jaaaaaaaaaaaaa, goed verschilletje hiero"
fr_imide,0.027857142857142858,0.09833333333333333,0.0,0.0,-6.238008132392863,5.394506806891153e-10,-6.238008132392863,5.394506806891153e-10,"jaaaaaaaaaaaaa, goed verschilletje hiero",127,woooooooooooooooooooooooooooooooooooooooooooooooow,127,"jaaaaaaaaaaaaa, goed verschilletje hiero"
fr_isocyan,0.0,0.0,0.0,0.0,,,,,"nope, deze niet",127,nope,127,"nope, deze niet"
fr_isothiocyan,0.0,0.0,0.0,0.0,,,,,"nope, deze niet",127,nope,127,"nope, deze niet"
fr_ketone,0.039285714285714285,0.19,0.0,0.0,-9.545912933420466,3.781424009168405e-21,-9.545912933420466,3.781424009168405e-21,"jaaaaaaaaaaaaa, goed verschilletje hiero",127,woooooooooooooooooooooooooooooooooooooooooooooooow,127,"jaaaaaaaaaaaaa, goed verschilletje hiero"
fr_ketone_Topliss,0.03428571428571429,0.155,0.0,0.0,-8.40880392186189,7.765462272341916e-17,-8.40880392186189,7.765462272341916e-17,"jaaaaaaaaaaaaa, goed verschilletje hiero",127,woooooooooooooooooooooooooooooooooooooooooooooooow,127,"jaaaaaaaaaaaaa, goed verschilletje hiero"
fr_lactam,0.0007142857142857143,0.0016666666666666668,0.0,0.0,-0.6172722493336128,0.5371255051346328,-0.6172722493336128,0.5371255051346328,"nope, deze niet",127,nope,127,"nope, deze niet"
fr_lactone,0.004285714285714286,0.011666666666666667,0.0,0.0,-1.7520611122268177,0.07991669923110782,-1.7520611122268177,0.07991669923110782,"nope, deze niet",127,nope,127,"nope, deze niet"
fr_methoxy,0.13714285714285715,0.26666666666666666,0.0,0.0,-5.574706179363503,2.815878120887118e-08,-5.574706179363503,2.815878120887118e-08,"jaaaaaaaaaaaaa, goed verschilletje hiero",127,woooooooooooooooooooooooooooooooooooooooooooooooow,127,"jaaaaaaaaaaaaa, goed verschilletje hiero"
fr_morpholine,0.027857142857142858,0.04833333333333333,0.0,0.0,-2.282870980110818,0.022542585484115658,-2.282870980110818,0.022542585484115658,"jaaaaaaaaaaaaa, goed verschilletje hiero",127,nope,127,"jaaaaaaaaaaaaa, goed verschilletje hiero"
fr_nitrile,0.08785714285714286,0.04,0.0,0.0,3.350230566844323,0.0008224657875675863,3.350230566844323,0.0008224657875675863,"jaaaaaaaaaaaaa, goed verschilletje hiero",127,woooooooooooooooooooooooooooooooooooooooooooooooow,127,"jaaaaaaaaaaaaa, goed verschilletje hiero"
fr_nitro,0.03642857142857143,0.125,0.0,0.0,-7.150122902377959,1.210914228317508e-12,-7.150122902377959,1.210914228317508e-12,"jaaaaaaaaaaaaa, goed verschilletje hiero",127,woooooooooooooooooooooooooooooooooooooooooooooooow,127,"jaaaaaaaaaaaaa, goed verschilletje hiero"
fr_nitro_arom,0.025714285714285714,0.09666666666666666,0.0,0.0,-6.583535507594373,5.85369109046212e-11,-6.583535507594373,5.85369109046212e-11,"jaaaaaaaaaaaaa, goed verschilletje hiero",127,woooooooooooooooooooooooooooooooooooooooooooooooow,127,"jaaaaaaaaaaaaa, goed verschilletje hiero"
fr_nitro_arom_nonortho,0.017142857142857144,0.04833333333333333,0.0,0.0,-3.778297029988807,0.00016252788075194364,-3.778297029988807,0.00016252788075194364,"jaaaaaaaaaaaaa, goed verschilletje hiero",127,woooooooooooooooooooooooooooooooooooooooooooooooow,127,"jaaaaaaaaaaaaa, goed verschilletje hiero"
fr_nitroso,0.0007142857142857143,0.0016666666666666668,0.0,0.0,-0.6172722493336128,0.5371255051346328,-0.6172722493336128,0.5371255051346328,"nope, deze niet",127,nope,127,"nope, deze niet"
fr_oxazole,0.029285714285714286,0.0033333333333333335,0.0,0.0,3.369124885082962,0.0007684001088240717,3.369124885082962,0.0007684001088240717,"jaaaaaaaaaaaaa, goed verschilletje hiero",127,woooooooooooooooooooooooooooooooooooooooooooooooow,127,"jaaaaaaaaaaaaa, goed verschilletje hiero"
fr_oxime,0.0035714285714285713,0.0033333333333333335,0.0,0.0,0.0825821463885514,0.9341920699669184,0.0825821463885514,0.9341920699669184,"nope, deze niet",127,nope,127,"nope, deze niet"
fr_para_hydroxylation,0.39071428571428574,0.235,0.0,0.0,4.816319908838203,1.572241948359194e-06,4.816319908838203,1.572241948359194e-06,"jaaaaaaaaaaaaa, goed verschilletje hiero",127,woooooooooooooooooooooooooooooooooooooooooooooooow,127,"jaaaaaaaaaaaaa, goed verschilletje hiero"
fr_phenol,0.017142857142857144,0.055,0.0,0.0,-4.181763157972422,3.017593411966867e-05,-4.181763157972422,3.017593411966867e-05,"jaaaaaaaaaaaaa, goed verschilletje hiero",127,woooooooooooooooooooooooooooooooooooooooooooooooow,127,"jaaaaaaaaaaaaa, goed verschilletje hiero"
fr_phenol_noOrthoHbond,0.017142857142857144,0.05333333333333334,0.0,0.0,-4.023830467109355,5.9392391409548276e-05,-4.023830467109355,5.9392391409548276e-05,"jaaaaaaaaaaaaa, goed verschilletje hiero",127,woooooooooooooooooooooooooooooooooooooooooooooooow,127,"jaaaaaaaaaaaaa, goed verschilletje hiero"
fr_phos_acid,0.0,0.0,0.0,0.0,,,,,"nope, deze niet",127,nope,127,"nope, deze niet"
fr_phos_ester,0.0,0.0,0.0,0.0,,,,,"nope, deze niet",127,nope,127,"nope, deze niet"
fr_piperdine,0.047142857142857146,0.12,0.0,0.0,-5.4814980595045775,4.7513387875144566e-08,-5.4814980595045775,4.7513387875144566e-08,"jaaaaaaaaaaaaa, goed verschilletje hiero",127,woooooooooooooooooooooooooooooooooooooooooooooooow,127,"jaaaaaaaaaaaaa, goed verschilletje hiero"
fr_piperzine,0.03642857142857143,0.051666666666666666,0.0,0.0,-1.575093378174186,0.11539320912158069,-1.575093378174186,0.11539320912158069,"nope, deze niet",127,nope,127,"nope, deze niet"
fr_priamide,0.007142857142857143,0.005,0.0,0.0,0.5462512221487359,0.5849542498916189,0.5462512221487359,0.5849542498916189,"nope, deze niet",127,nope,127,"nope, deze niet"
fr_prisulfonamd,0.0,0.0,0.0,0.0,,,,,"nope, deze niet",127,nope,127,"nope, deze niet"
fr_pyridine,0.22642857142857142,0.08333333333333333,0.0,0.0,6.8606953509188555,9.107543673119196e-12,6.8606953509188555,9.107543673119196e-12,"jaaaaaaaaaaaaa, goed verschilletje hiero",127,woooooooooooooooooooooooooooooooooooooooooooooooow,127,"jaaaaaaaaaaaaa, goed verschilletje hiero"
fr_quatN,0.12285714285714286,0.09333333333333334,0.0,0.0,1.704917230752166,0.08836531722417448,1.704917230752166,0.08836531722417448,"nope, deze niet",127,nope,127,"nope, deze niet"
fr_sulfide,0.185,0.15333333333333332,0.0,0.0,1.6665523164668232,0.09576019586476334,1.6665523164668232,0.09576019586476334,"nope, deze niet",127,nope,127,"nope, deze niet"
fr_sulfonamd,0.055714285714285716,0.13833333333333334,0.0,0.0,-5.961519102727715,2.9470702579542307e-09,-5.961519102727715,2.9470702579542307e-09,"jaaaaaaaaaaaaa, goed verschilletje hiero",127,woooooooooooooooooooooooooooooooooooooooooooooooow,127,"jaaaaaaaaaaaaa, goed verschilletje hiero"
fr_sulfone,0.012142857142857143,0.03833333333333333,0.0,0.0,-3.7509470374898513,0.00018118542794991278,-3.7509470374898513,0.00018118542794991278,"jaaaaaaaaaaaaa, goed verschilletje hiero",127,woooooooooooooooooooooooooooooooooooooooooooooooow,127,"jaaaaaaaaaaaaa, goed verschilletje hiero"
fr_term_acetylene,0.007142857142857143,0.0,0.0,0.0,2.076591008318041,0.03796687031925499,2.076591008318041,0.03796687031925499,"jaaaaaaaaaaaaa, goed verschilletje hiero",127,nope,127,"jaaaaaaaaaaaaa, goed verschilletje hiero"
fr_tetrazole,0.027142857142857142,0.03166666666666667,0.0,0.0,-0.5471368788326946,0.5843458015096387,-0.5471368788326946,0.5843458015096387,"nope, deze niet",127,nope,127,"nope, deze niet"
fr_thiazole,0.04357142857142857,0.03666666666666667,0.0,0.0,0.709235804144598,0.47826090841145796,0.709235804144598,0.47826090841145796,"nope, deze niet",127,nope,127,"nope, deze niet"
fr_thiocyan,0.0,0.0016666666666666668,0.0,0.0,-1.5280351716533502,0.12666209240477644,-1.5280351716533502,0.12666209240477644,"nope, deze niet",127,nope,127,"nope, deze niet"
fr_thiophene,0.07214285714285715,0.115,0.0,0.0,-3.077138085427419,0.002118352172465079,-3.077138085427419,0.002118352172465079,"jaaaaaaaaaaaaa, goed verschilletje hiero",127,woooooooooooooooooooooooooooooooooooooooooooooooow,127,"jaaaaaaaaaaaaa, goed verschilletje hiero"
fr_unbrch_alkane,0.155,0.07,0.0,0.0,2.5777614508710966,0.010015320863498394,2.5777614508710966,0.010015320863498394,"jaaaaaaaaaaaaa, goed verschilletje hiero",127,nope,127,"jaaaaaaaaaaaaa, goed verschilletje hiero"
fr_urea,0.02642857142857143,0.03333333333333333,0.0,0.0,-0.8351868538109317,0.4037123658176669,-0.8351868538109317,0.4037123658176669,"nope, deze niet",127,nope,127,"nope, deze niet"
